"id","name","type_tax_use","amount_type","sequence","amount","description","l10n_ec_code_base","l10n_ec_code_applied","tax_group_id","l10n_ec_code_ats","l10n_ec_xml_fe_code","repartition_line_ids/factor_percent","repartition_line_ids/repartition_type","repartition_line_ids/document_type","repartition_line_ids/tag_ids","repartition_line_ids/account_id","name@es","description@es","invoice_label@es","invoice_label","active","price_include_override"
"tax_withhold_profit_303","10% 303","none","percent","70","-10","303 10% Professional Fees and Other Payments to Resident Individuals","303","353","tax_group_withhold_income_purchase","303","","","base","invoice","+303 (Reporte 103)","","303 10% Honorarios","303 10% Honorarios y Demas Pagos a Personas Naturales Residentes","303","10% 303","True","tax_excluded"
"tax_withhold_profit_303A","5% 303A","none","percent","70","-5","303A 5% Professional Services Provided by Resident Companies","3030","3530","tax_group_withhold_income_purchase","303A","","","base","invoice","+303A (Reporte 103)","","303A 5% Servicios Profesionales Prestados por Sociedades Residentes","303A 5% Servicios Profesionales Prestados por Sociedades Residentes","3030","3% 303a","True","tax_excluded"
"tax_withhold_profit_304","10% 304","none","percent","70","-10","304 10% Services Predominantly Intellectual Services not Related to Professional Degree","304","354","tax_group_withhold_income_purchase","304","","","base","invoice","+304 (Reporte 103)","","304 10% Servicios Intelecto","304 10% Servicios Predomina el Intelecto No Relacionados con el Titulo Profesional","304","10% 304","True","tax_excluded"
"tax_withhold_profit_304A","10% 304a","none","percent","70","-10","304a 10% Commissions and Other Payments for Services Predominantly Intellectually Unrelated to Professional Title","304","354","tax_group_withhold_income_purchase","304A","","","base","invoice","+304 (Reporte 103)","","304A 10% Comisiones","304A 10% Comisiones y Demas Pagos por Servicios Predomina Intelecto No Relacionados con el Titulo Profesional","304","10% 304a","True","tax_excluded"
"tax_withhold_profit_304B","10% 304b","none","percent","70","-10","304b 10% Payments to Notaries and Property and Commercial Registrars for their Activities as Such","304","354","tax_group_withhold_income_purchase","304B","","","base","invoice","+304 (Reporte 103)","","304B 10% Notarios","304B 10% Pagos a Notarios y Registradores de la Propiedad y Mercantil por sus Actividades Ejercidas Como Tales","304","10% 304b","True","tax_excluded"
"tax_withhold_profit_304C","10% 304c","none","percent","70","-10","304c 10% Payments to Athletes, Coaches, Referees and Technical Staff Without Dependency Relationship","304","354","tax_group_withhold_income_purchase","304C","","","base","invoice","+304 (Reporte 103)","","304C 10% Deportistas","304C 10% Pagos a Deportistas, Entrenadores, Arbitros y Miembros del Cuerpo Tecnico sin Relacion de Dependencia","304","10% 304c","True","tax_excluded"
"tax_withhold_profit_304D","10% 304d","none","percent","70","-10","304d 10% Activities Developed by Resident Artists","304","354","tax_group_withhold_income_purchase","304D","","","base","invoice","+304 (Reporte 103)","","304D 10% Artistas","304D 10% Actividades Desarrolladas por Artistas Residentes","304","10% 304d","True","tax_excluded"
"tax_withhold_profit_307","3% 307","none","percent","70","-3","307 3% Services Predominantly Labor Force","307","357","tax_group_withhold_income_purchase","307","","","base","invoice","+307 (Reporte 103)","","307 3% Servicios Mano de Obra","307 3% Servicios Predomina Mano de Obra","307","2% 307","True","tax_excluded"
"tax_withhold_profit_308","10% 308","none","percent","70","-10","308 10% Payments Related to Image or Renown Exploitation","308","358","tax_group_withhold_income_purchase","308","","","base","invoice","+308 (Reporte 103)","","308 10% Imagen o Renombre","308 10% Pagos Relacionados con la Explotacion de Imagen o Renombre","308","10% 308","True","tax_excluded"
"tax_withhold_profit_309","3% 309","none","percent","70","-3","309 3% Services Rendered by Media and Advertising Agencies","309","359","tax_group_withhold_income_purchase","309","","","base","invoice","+309 (Reporte 103)","","309 3% Servicios Prestados por Medios de Comunicación y Agencias de Publicidad","309 3% Servicios Prestados por Medios de Comunicación y Agencias de Publicidad","309","2.75% 309","True","tax_excluded"
"tax_withhold_profit_310","1% 310","none","percent","70","-1","310 1% Private Passenger Transportation and Public or Private Cargo Transportation Services","310","360","tax_group_withhold_income_purchase","310","","","base","invoice","+310 (Reporte 103)","","310 1% Transporte","310 1% Servicios de Transporte Privado de Pasajeros y Transporte Publico o Privado de Carga","310","1% 310","True","tax_excluded"
"tax_withhold_profit_311","3% 311","none","percent","70","-3","311 3% For Payments Through Purchase Settlement (Cultural or Rustic Level)","311","361","tax_group_withhold_income_purchase","311","","","base","invoice","+311 (Reporte 103)","","311 3% Compra","311 3% Por Pagos a Traves de Liquidacion de Compra (nivel cultural o rusticidad)","311","2% 311","True","tax_excluded"
"tax_withhold_profit_312","2% 312","none","percent","70","-2","312 2% Transfer of Tangible Movable Property of a Tangible Nature","312","362","tax_group_withhold_income_purchase","312","","","base","invoice","+312 (Reporte 103)","","312 2% Transferencia Bienes","312 2% Transferencia de Bienes Muebles de Naturaleza Corporal","312","1.75% 312","True","tax_excluded"
"tax_withhold_profit_312A","1% 312A","none","percent","70","-1","312A 1% Acquisition of Agricultural, Animal, Aquaculture, and Forestry Products from Producer","3120","3620","tax_group_withhold_income_purchase","312A","","","base","invoice","+312A (Reporte 103)","","312A 1% Productor","312A 1% Adquisición de Bienes de Origen Agrícola, Avícola, Pecuario, Apícola, Cunícula, Bioacuático y Forestal a Productor","312A","1% 312A","True","tax_excluded"
"tax_withhold_profit_312C","1.75% 312C","none","percent","70","-1.75","312C 1.75% Acquisition of Agricultural, Animal, Aquaculture, and Forestry Products from Non-Producer Traders","3121","3621","tax_group_withhold_income_purchase","312C","","","base","invoice","+312C (Reporte 103)","","312C 1.75% Comercializador","312C 1.75% Adquisición de Bienes de Origen Agrícola, Avícola, Pecuario, Apícola, Cunícula, Bioacuático y Forestal a Comercializadores que no sean Productores","312C","1.75% 312C","True","tax_excluded"
"tax_withhold_profit_314A","10% 314a","none","percent","70","-10","314a 10% Royalties From Franchises Under The Intellectual Property Law - Payment to Individuals","314","364","tax_group_withhold_income_purchase","314A","","","base","invoice","+314 (Reporte 103)","","314A 10% Regalias Personas","314A 10% Regalias por Concepto de Franquicias de Acuerdo a Ley de Propiedad Intelectual - Pago a Personas Naturales","314","10% 314a","True","tax_excluded"
"tax_withhold_profit_314B","10% 314b","none","percent","70","-10","314b 10% Royalties, Copyrights, Trademarks, Patents and Similar in Accordance with the Intellectual Property Law - Payment to Natural Persons","314","364","tax_group_withhold_income_purchase","314B","","","base","invoice","+314 (Reporte 103)","","314B 10% Derechos Autor","314B 10% Casales, Derechos de Autor, Marcas, Patentes y Similares de Acuerdo a Ley de Propiedad Intelectual – Pago a Personas Naturales","314","10% 314b","True","tax_excluded"
"tax_withhold_profit_314C","10% 314c","none","percent","70","-10","314c 10% Royalties from Franchises in Accordance with Intellectual Property Law - Payment to Corporations","314","364","tax_group_withhold_income_purchase","314C","","","base","invoice","+314 (Reporte 103)","","314C 10% Regalias Sociedades","314C 10% Regalias por Concepto de Franquicias de Acuerdo a Ley de Propiedad Intelectual - Pago a Sociedades","314","10% 314c","True","tax_excluded"
"tax_withhold_profit_314D","10% 314d","none","percent","70","-10","314d 10% Royalties, Copyrights, Trademarks, Patents and Similar Under Intellectual Property law - Payment to Companies","314","364","tax_group_withhold_income_purchase","314D","","","base","invoice","+314 (Reporte 103)","","314D 10% Derechos Sociedades","314D 10% Casales, Derechos de Autor, Marcas, Patentes y Similares de Acuerdo a Ley de Propiedad Intelectual – Pago a Sociedades","314","10% 314d","True","tax_excluded"
"tax_withhold_profit_319","2% 319","none","percent","70","-2","319 2% Lease Installments Paid to Mercantile Trusts or Leasing Companies","319","369","tax_group_withhold_income_purchase","319","","","base","invoice","+319 (Reporte 103)","","319 2% Leasing","319 2% Cuotas de Arrendamiento Mercantil Pagadas a Fideicomisos Mercantiles o Empresas de Arrendamiento Mercantil","319","2% 319","True","tax_excluded"
"tax_withhold_profit_320","10% 320","none","percent","70","-10","320 10% For Lease of Real Estate","320","370","tax_group_withhold_income_purchase","320","","","base","invoice","+320 (Reporte 103)","","320 10% Arrendamiento Inmuebles","320 10% Por Arrendamiento de Bienes Inmuebles","320","10% 320","True","tax_excluded"
"tax_withhold_profit_322","2% 322","none","percent","70","-2","322 2% Insurance and Reinsurance (Premiums and Cessions)","322","372","tax_group_withhold_income_purchase","322","","","base","invoice","+322 (Reporte 103)","","322 2% Seguros y Reaseguros (Primas y Cesiones)","322 2% Seguros y Reaseguros (Primas y Cesiones)","322","1% 322","True","tax_excluded"
"tax_withhold_profit_323","3% 323","none","percent","70","-3","323 3% Rendimientos financieros pagados a naturales y sociedades (No a IFIs)","323","323","tax_group_withhold_income_purchase","323","","","base","invoice","+323 (Reporte 103)","","323 3% Rendimientos Financieros","323 3% Rendimientos financieros pagados a naturales y sociedades (No a IFIs)","323","323","True","tax_excluded"
"tax_withhold_profit_323A","3% 323A","none","percent","70","-3","323A 3% Rendimientos financieros depósitos cuenta corriente","323A","323A","tax_group_withhold_income_purchase","323A","","","base","invoice","+323A (Reporte 103)","","323A 3% Depósitos Cuenta Corriente","323A 3% Rendimientos financieros depósitos cuenta corriente","323A","323A","True","tax_excluded"
"tax_withhold_profit_323B1","3% 323B1","none","percent","70","-3","323B1 3% Rendimientos financieros depósitos cuenta ahorros sociedades","323B1","323B1","tax_group_withhold_income_purchase","323B1","","","base","invoice","+323B1 (Reporte 103)","","323B1 3% Depósitos Cuenta Ahorros","323B1 3% Rendimientos financieros depósitos cuenta ahorros sociedades","323B1","323B1","True","tax_excluded"
"tax_withhold_profit_323E","3% 323E","none","percent","70","-3","323E 3% Rendimientos financieros depósito a plazo fijo gravados","323E","323E","tax_group_withhold_income_purchase","323E","","","base","invoice","+323E (Reporte 103)","","323E 3% Depósito a Plazo Gravado","323E 3% Rendimientos financieros depósito a plazo fijo gravados","323E","323E","True","tax_excluded"
"tax_withhold_profit_323E2","0% 323E2","none","percent","70","0","323E2 0% Rendimientos financieros depósito a plazo fijo exentos","323E2","323E2","tax_group_withhold_income_purchase","323E2","","","base","invoice","+323E2 (Reporte 103)","","323E2 0% Depósito a Plazo Exento","323E2 0% Rendimientos financieros depósito a plazo fijo exentos","323E2","323E2","True","tax_excluded"
"tax_withhold_profit_323F","3% 323F","none","percent","70","-3","323F 3% Rendimientos financieros operaciones de reporto - repos","323F","323F","tax_group_withhold_income_purchase","323F","","","base","invoice","+323F (Reporte 103)","","323F 3% Operaciones de Reporto","323F 3% Rendimientos financieros operaciones de reporto - repos","323F","323F","True","tax_excluded"
"tax_withhold_profit_323G","3% 323G","none","percent","70","-3","323G 3% Inversiones (captaciones) rendimientos distintos de aquellos pagados a IFIs","323G","323G","tax_group_withhold_income_purchase","323G","","","base","invoice","+323G (Reporte 103)","","323G 3% Inversiones Captaciones","323G 3% Inversiones (captaciones) rendimientos distintos de aquellos pagados a IFIs","323G","323G","True","tax_excluded"
"tax_withhold_profit_323H","3% 323H","none","percent","70","-3","323H 3% Rendimientos financieros obligaciones","323H","323H","tax_group_withhold_income_purchase","323H","","","base","invoice","+323H (Reporte 103)","","323H 3% Obligaciones","323H 3% Rendimientos financieros obligaciones","323H","323H","True","tax_excluded"
"tax_withhold_profit_323I","3% 323I","none","percent","70","-3","323I 3% Rendimientos financieros bonos convertibles en acciones","323I","323I","tax_group_withhold_income_purchase","323I","","","base","invoice","+323I (Reporte 103)","","323I 3% Bonos Convertibles","323I 3% Rendimientos financieros bonos convertibles en acciones","323I","323I","True","tax_excluded"
"tax_withhold_profit_323M","3% 323M","none","percent","70","-3","323M 3% Rendimientos financieros inversiones en títulos valores en renta fija gravados","323M","323M","tax_group_withhold_income_purchase","323M","","","base","invoice","+323M (Reporte 103)","","323M 3% Títulos Renta Fija Gravados","323M 3% Rendimientos financieros inversiones en títulos valores en renta fija gravados","323M","323M","True","tax_excluded"
"tax_withhold_profit_323N","0% 323N","none","percent","70","0","323N 0% Rendimientos financieros inversiones en títulos valores en renta fija exentos","323N","323N","tax_group_withhold_income_purchase","323N","","","base","invoice","+323N (Reporte 103)","","323N 0% Títulos Renta Fija Exentos","323N 0% Rendimientos financieros inversiones en títulos valores en renta fija exentos","323N","323N","True","tax_excluded"
"tax_withhold_profit_323O","0% 323O","none","percent","70","0","323O 0% Intereses y demás rendimientos financieros pagados a IFIs","323O","323O","tax_group_withhold_income_purchase","323O","","","base","invoice","+323O (Reporte 103)","","323O 0% Rendimientos Financieros IFIs","323O 0% Intereses y demás rendimientos financieros pagados a bancos y otras entidades sometidas al control de la Superintendencia de Bancos y de la Economía Popular y Solidaria","323O","323O","True","tax_excluded"
"tax_withhold_profit_323P","3% 323P","none","percent","70","-3","323P 3% Intereses pagados por entidades del sector público a favor de sujetos pasivos","323P","323P","tax_group_withhold_income_purchase","323P","","","base","invoice","+323P (Reporte 103)","","323P 3% Intereses Sector Público","323P 3% Intereses pagados por entidades del sector público a favor de sujetos pasivos","323P","323P","True","tax_excluded"
"tax_withhold_profit_323Q","3% 323Q","none","percent","70","-3","323Q 3% Otros intereses y rendimientos financieros gravados","323Q","323Q","tax_group_withhold_income_purchase","323Q","","","base","invoice","+323Q (Reporte 103)","","323Q 3% Otros Rendimientos Gravados","323Q 3% Otros intereses y rendimientos financieros gravados","323Q","323Q","True","tax_excluded"
"tax_withhold_profit_323R","0% 323R","none","percent","70","0","323R 0% Otros intereses y rendimientos financieros exentos","323R","323R","tax_group_withhold_income_purchase","323R","","","base","invoice","+323R (Reporte 103)","","323R 0% Otros Rendimientos Exentos","323R 0% Otros intereses y rendimientos financieros exentos","323R","323R","True","tax_excluded"
"tax_withhold_profit_323S","3% 323S","none","percent","70","-3","323S 3% Pagos y créditos en cuenta efectuados por BCE y depósitos centralizados de valores","323S","323S","tax_group_withhold_income_purchase","323S","","","base","invoice","+323S (Reporte 103)","","323S 3% BCE Intermediario","323S 3% Pagos y créditos en cuenta efectuados por el BCE y los depósitos centralizados de valores, en calidad de intermediarios, a instituciones del sistema financiero por cuenta de otras personas naturales y sociedades","323S","323S","True","tax_excluded"
"tax_withhold_profit_323T","0% 323T","none","percent","70","0","323T 0% Rendimientos financieros originados en la deuda pública ecuatoriana","323T","323T","tax_group_withhold_income_purchase","323T","","","base","invoice","+323T (Reporte 103)","","323T 0% Deuda Pública","323T 0% Rendimientos financieros originados en la deuda pública ecuatoriana","323T","323T","True","tax_excluded"
"tax_withhold_profit_323U","0% 323U","none","percent","70","0","323U 0% Rendimientos financieros originados en títulos valores APP","323U","323U","tax_group_withhold_income_purchase","323U","","","base","invoice","+323U (Reporte 103)","","323U 0% Títulos Valores APP","323U 0% Rendimientos financieros originados en títulos valores de obligaciones de 360 días o más para el financiamiento de proyectos públicos en asociación público-privada","323U","323U","True","tax_excluded"
"tax_withhold_profit_324A","2% 324A","none","percent","70","-2","324A 2% Intereses en operaciones de crédito entre IFIs y EPS","324A","324A","tax_group_withhold_income_purchase","324A","","","base","invoice","+324A (Reporte 103)","","324A 2% Intereses entre IFIs","324A 2% Intereses en operaciones de crédito entre instituciones del sistema financiero y entidades economía popular y solidaria","324A","324A","True","tax_excluded"
"tax_withhold_profit_324B","2% 324B","none","percent","70","-2","324B 2% Inversiones entre IFIs y EPS","324B","324B","tax_group_withhold_income_purchase","324B","","","base","invoice","+324B (Reporte 103)","","324B 2% Inversiones entre IFIs","324B 2% Inversiones entre instituciones del sistema financiero y entidades economía popular y solidaria","324B","324B","True","tax_excluded"
"tax_withhold_profit_324C","2% 324C","none","percent","70","-2","324C 2% Pagos intermediados por BCE entre IFIs","324C","324C","tax_group_withhold_income_purchase","324C","","","base","invoice","+324C (Reporte 103)","","324C 2% BCE entre IFIs","324C 2% Pagos y créditos en cuenta efectuados por el BCE y los depósitos centralizados de valores, en calidad de intermediarios, a instituciones del sistema financiero por cuenta de otras instituciones del sistema financiero","324C","324C","True","tax_excluded"
"tax_withhold_profit_325","25% 325","none","percent","70","-25","325 25% Anticipo dividendos","325","325","tax_group_withhold_income_purchase","325","","","base","invoice","+325 (Reporte 103)","","325 25% Anticipo Dividendos","325 25% Anticipo dividendos","325","325","True","tax_excluded"
"tax_withhold_profit_3250","0% 3250","none","percent","70","0","3250 0% Dividendos exentos","3250","3250","tax_group_withhold_income_purchase","3250","","","base","invoice","+3250 (Reporte 103)","","3250 0% Dividendos Exentos","3250 0% Dividendos exentos (por no llegar a franja exenta o beneficio de otras leyes)","3250","3250","True","tax_excluded"
"tax_withhold_profit_325A","25% 325A","none","percent","70","-25","325A 25% Préstamos accionistas, beneficiarios o partícipes residentes o establecidos en Ecuador","325A","325A","tax_group_withhold_income_purchase","325A","","","base","invoice","+325A (Reporte 103)","","325A 25% Préstamos Accionistas","325A 25% Préstamos accionistas, beneficiarios o partícipes residentes o establecidos en el Ecuador","325A","325A","True","tax_excluded"
"tax_withhold_profit_328","0% 328","none","percent","70","0","328 0% Dividendos distribuidos a sociedades residentes","328","328","tax_group_withhold_income_purchase","328","","","base","invoice","+328 (Reporte 103)","","328 0% Dividendos Sociedades","328 0% Dividendos distribuidos a sociedades residentes","328","328","True","tax_excluded"
"tax_withhold_profit_329","0% 329","none","percent","70","0","329 0% Dividendos distribuidos a fideicomisos residentes","329","329","tax_group_withhold_income_purchase","329","","","base","invoice","+329 (Reporte 103)","","329 0% Dividendos Fideicomisos","329 0% Dividendos distribuidos a fideicomisos residentes","329","329","True","tax_excluded"
"tax_withhold_profit_331","0% 331","none","percent","70","0","331 0% Dividendos en acciones","331","331","tax_group_withhold_income_purchase","331","","","base","invoice","+331 (Reporte 103)","","331 0% Dividendos en Acciones","331 0% Dividendos en acciones (capitalización de utilidades)","331","331","True","tax_excluded"
"tax_withhold_profit_332","0% 332","none","percent","70","0","332 0% Otras compras de bienes y servicios no sujetas a retención","332","332","tax_group_withhold_income_purchase","332","","","base","invoice","+332 (Reporte 103)","","332 0% No Sujetas a Retención","332 0% Otras compras de bienes y servicios no sujetas a retención","332","332","True","tax_excluded"
"tax_withhold_profit_332B","0% 332B","none","percent","70","0","332B 0% Compra de bienes inmuebles","332B","332B","tax_group_withhold_income_purchase","332B","","","base","invoice","+332B (Reporte 103)","","332B 0% Bienes Inmuebles","332B 0% Compra de bienes inmuebles","332B","332B","True","tax_excluded"
"tax_withhold_profit_332C","0% 332C","none","percent","70","0","332C 0% Transporte público de pasajeros","332C","332C","tax_group_withhold_income_purchase","332C","","","base","invoice","+332C (Reporte 103)","","332C 0% Transporte Público","332C 0% Transporte público de pasajeros","332C","332C","True","tax_excluded"
"tax_withhold_profit_332D","0% 332D","none","percent","70","0","332D 0% Pagos en el país por transporte de pasajeros o transporte internacional de carga","332D","332D","tax_group_withhold_income_purchase","332D","","","base","invoice","+332D (Reporte 103)","","332D 0% Transporte País","332D 0% Pagos en el país por transporte de pasajeros o transporte internacional de carga, a compañías nacionales o extranjeras de aviación o marítimas","332D","332D","True","tax_excluded"
"tax_withhold_profit_332E","0% 332E","none","percent","70","0","332E 0% Valores entregados por cooperativas de transporte a sus socios","332E","332E","tax_group_withhold_income_purchase","332E","","","base","invoice","+332E (Reporte 103)","","332E 0% Cooperativas Transporte","332E 0% Valores entregados por las cooperativas de transporte a sus socios","332E","332E","True","tax_excluded"
"tax_withhold_profit_332F","0% 332F","none","percent","70","0","332F 0% Compraventa de divisas distintas al dólar","332F","332F","tax_group_withhold_income_purchase","332F","","","base","invoice","+332F (Reporte 103)","","332F 0% Compraventa de Divisas","332F 0% Compraventa de divisas distintas al dólar de los Estados Unidos de América","332F","332F","True","tax_excluded"
"tax_withhold_profit_332G","0% 332G","none","percent","70","0","332G 0% Pagos con tarjeta de crédito","332G","332G","tax_group_withhold_income_purchase","332G","","","base","invoice","+332G (Reporte 103)","","332G 0% Pagos con Tarjeta","332G 0% Pagos con tarjeta de crédito","332G","332G","True","tax_excluded"
"tax_withhold_profit_332H","0% 332H","none","percent","70","0","332H 0% Pago al exterior tarjeta de crédito reportada por la emisora","332H","332H","tax_group_withhold_income_purchase","332H","","","base","invoice","+332H (Reporte 103)","","332H 0% Tarjeta Exterior","332H 0% Pago al exterior tarjeta de crédito reportada por la Emisora de tarjeta de crédito, solo recap","332H","332H","True","tax_excluded"
"tax_withhold_profit_332I","0% 332I","none","percent","70","0","332I 0% Pago a través de convenio de débito","332I","332I","tax_group_withhold_income_purchase","332I","","","base","invoice","+332I (Reporte 103)","","332I 0% Convenio Débito","332I 0% Pago a través de convenio de débito (Clientes IFI`s)","332I","332I","True","tax_excluded"
"tax_withhold_profit_333","10% 333","none","percent","70","-10","333 10% Ganancia en la enajenación de derechos representativos de capital cotizados","333","333","tax_group_withhold_income_purchase","333","","","base","invoice","+333 (Reporte 103)","","333 10% Enajenación Cotizados","333 10% Ganancia en la enajenación de derechos representativos de capital u otros derechos que permitan la exploración, explotación, concesión o similares de sociedades, que se coticen en bolsa de valores del Ecuador","333","333","True","tax_excluded"
"tax_withhold_profit_334","2% 334","none","percent","70","-2","334 2% Contraprestación por enajenación de derechos no cotizados","334","334","tax_group_withhold_income_purchase","334","","","base","invoice","+334 (Reporte 103)","","334 2% Enajenación No Cotizados","334 2% Contraprestación producida por la enajenación de derechos representativos de capital u otros derechos que permitan la exploración, explotación, concesión o similares de sociedades, no cotizados en bolsa de valores del Ecuador","334","334","True","tax_excluded"
"tax_withhold_profit_335","15% 335","none","percent","70","-15","335 15% Loterías, rifas, pronósticos deportivos, apuestas y similares","335","335","tax_group_withhold_income_purchase","335","","","base","invoice","+335 (Reporte 103)","","335 15% Loterías y Apuestas","335 15% Loterías, rifas, pronósticos deportivos, apuestas y similares","335","335","True","tax_excluded"
"tax_withhold_profit_340","3% 340","none","percent","70","-3","340 3% Impuesto único a la exportación de banano","340","340","tax_group_withhold_income_purchase","340","","","base","invoice","+340 (Reporte 103)","","340 3% Exportación Banano","340 3% Impuesto único a la exportación de banano","340","340","True","tax_excluded"
"tax_withhold_profit_343","1% 343","none","percent","70","-1","343 1% Acquisitions of Goods and Services From RIMPE Entrepreneurs","343","393","tax_group_withhold_income_purchase","343","","","base","invoice","+343 (Reporte 103)","","343 1% RIMPE Emprendedores","343 1% Adquisiciones de Bienes y Servicios a Contribuyentes RIMPE Emprendedores","343","1% 343","True","tax_excluded"
"tax_withhold_profit_343A","2% 343A","none","percent","70","-2","343A 2% for electric energy","343","393","tax_group_withhold_income_purchase","343A","","","base","invoice","+343A (Reporte 103)","","343A 2% Energia Electrica","343A 2% Por Energia Electrica","343","1% 343a","True","tax_excluded"
"tax_withhold_profit_343B","2% 343B","none","percent","70","-2","343B 2% For Construction Activities of Real Estate","3430","3450","tax_group_withhold_income_purchase","343B","","","base","invoice","+343B (Reporte 103)","","343B 2% Construccion","343B 2% Por Actividades de Construccion de Obra Material Inmueble, Urbanizacion, Lotizacion o Actividades Similares","343","1% 343b","True","tax_excluded"
"tax_withhold_profit_343C","2% 343C","none","percent","70","-2","343C 2% Collection of Non-Returnable PET Plastic Bottles","343","393","tax_group_withhold_income_purchase","343C","","","base","invoice","+343C (Reporte 103)","","343C 2% Botellas PET","343C 2% Recepcion de Botellas Plasticas No Retornables de PET","343C","2% 343C","True","tax_excluded"
"tax_withhold_profit_344A","2% 344A","none","percent","70","-2","344A 2% Local Cards, Debit and Similar Collections","344","394","tax_group_withhold_income_purchase","344A","","","base","invoice","+344A (Reporte 103)","","344A 2% Tarjetas","344A 2% Pagos con Tarjetas de Credito, Debito y Similares Emitidas en el Pais a Sociedades","344A","2% 344A","True","tax_excluded"
"tax_withhold_profit_344B","2% 344B","none","percent","70","-2","344B 2% Acquisition of Mineral Substances Within the National Territory","344","394","tax_group_withhold_income_purchase","344B","","","base","invoice","+344B (Reporte 103)","","344B 2% Sustancias Minerales","344B 2% Adquisicion de Sustancias Minerales Dentro del Territorio Nacional","344B","2% 344B","True","tax_excluded"
"tax_withhold_profit_344C","2% 344C","none","percent","70","-2","344C 2% Aggregators of Payment and Online Markets Own Income","344","394","tax_group_withhold_income_purchase","344C","","","base","invoice","+344C (Reporte 103)","","344C 2% Sistemas Auxiliares de Pago","344C 2% Ingresos Propios de Sistemas Auxiliares de Pago, Agregadores y Mercados en Linea","344C","2% 344C","True","tax_excluded"
"tax_withhold_profit_304E_10","10% 304e","none","percent","70","-10","304e 10% Fees and Other Payments for Teaching Services","304","354","tax_group_withhold_income_purchase","304E","","","base","invoice","+304 (Reporte 103)","","304E 10% Honorarios y Demas Pagos por Servicios de Docencia","304E 10% Honorarios y Demas Pagos por Servicios de Docencia","304","10% 304e","True","tax_excluded"
"tax_withhold_profit_3480","15% 3480","none","percent","70","-15","3480 15% Impuesto a la renta único sobre ingresos percibidos por operadores de pronósticos deportivos","3480","3480","tax_group_withhold_income_purchase","3480","","","base","invoice","+3480 (Reporte 103)","","3480 15% Operadores Pronósticos Deportivos","3480 15% Impuesto a la renta único sobre los ingresos percibidos por los operadores de pronósticos deportivos","3480","3480","True","tax_excluded"
"tax_withhold_profit_3482","5% 3482","none","percent","70","-5","3482 5% Comisiones a sociedades, nacionales o extranjeras residentes y establecimientos permanentes domiciliados en el país","3482","3982","tax_group_withhold_income_purchase","3482","","","base","invoice","+3482 (Reporte 103)","","3482 5% Comisiones a sociedades, nacionales o extranjeras residentes y establecimientos permanentes domiciliados en el país","3482 5% Comisiones a sociedades, nacionales o extranjeras residentes y establecimientos permanentes domiciliados en el país","3140","3% 3482","True","tax_excluded"
"tax_withhold_profit_304A_10","10% 304a","none","percent","70","-10","304a 10% Commissions and Other Payments for Services Predominantly Intellectually Unrelated to Professional Title","304","354","tax_group_withhold_income_purchase","304A","","","base","invoice","+304 (Reporte 103)","","304A 10% Comisiones y Demas Pagos por Servicios Predomina Intelecto No Relacionados con el Titulo Profesional","304A 10% Comisiones y Demas Pagos por Servicios Predomina Intelecto No Relacionados con el Titulo Profesional","304","10% 304a","False","tax_excluded"
"tax_withhold_profit_304B_10","10% 304b","none","percent","70","-10","304b 10% Payments to Notaries and Property and Commercial Registrars for their Activities as Such","304","354","tax_group_withhold_income_purchase","304B","","","base","invoice","+304 (Reporte 103)","","304B 10% Pagos a Notarios y Registradores de la Propiedad y Mercantil por sus Actividades Ejercidas Como Tales","304B 10% Pagos a Notarios y Registradores de la Propiedad y Mercantil por sus Actividades Ejercidas Como Tales","304","10% 304b","False","tax_excluded"
"tax_withhold_profit_309_2_75","2.75% 309","none","percent","70","-2.75","309 2.75% Services Rendered by Media and Advertising Agencies","309","359","tax_group_withhold_income_purchase","309","","","base","invoice","+309 (Reporte 103)","","309 2.75% Servicios Prestados por Medios de Comunicación y Agencias de Publicidad","309 2.75% Servicios Prestados por Medios de Comunicación y Agencias de Publicidad","309","2.75% 309","False","tax_excluded"
"tax_withhold_profit_322_1","1% 322","none","percent","70","-1","322 1% Insurance and Reinsurance (Premiums and Cessions)","322","372","tax_group_withhold_income_purchase","322","","","base","invoice","+322 (Reporte 103)","","322 1% Seguros y Reaseguros (Primas y Cesiones)","322 1% Seguros y Reaseguros (Primas y Cesiones)","322","1% 322","False","tax_excluded"
"tax_withhold_profit_3440","2.75% 3440","none","percent","70","-2.75","3440-344 2.75% Other Withholdings 2.75% Applicable","344","394","tax_group_withhold_income_purchase","3440","","","base","invoice","+344 (Reporte 103)","","3440-344 2.75% Otras Retenciones","3440-344 2.75% Otras Retenciones Aplicables el 2,75%","3440","2.75% 3440","False","tax_excluded"
"tax_withhold_profit_sale_2_75x100","2.75% WTH","none","percent","70","-2.75","2.75% Withholding Taxes","","","tax_group_withhold_income_sale","","","","base","invoice","","","2.75% Ret. de la Fuente","2.75% Retenciones de la Fuente","2.75%","2.75% WTH","False","tax_excluded"
"tax_withhold_vat_exempt","No procede Retención","none","percent","60","0","No Ret.","","","tax_group_withhold_vat_purchase","","8","","base","invoice","","","No procede Retención","No Ret.","NO VAT WTH","NO VAT WTH","True",""
"","","","","","","","","","","","","100","tax","invoice","","ec_vat_withhold_others","","","","","",""
"","","","","","","","","","","","","","base","refund","","","","","","","",""
"","","","","","","","","","","","","100","tax","refund","","ec_vat_withhold_others","","","","","",""
